2,Vivian,Bendelow,90020,1
3,Jillayne,Skechley,80030,2
4,Athene,Glaysher,80040,2
5,Rosette,Cosgrive,80050,2
6,Benedikta,Grunnell,80060,2
7,Cari,Lammenga,80070,2
8,Norina,Medd,80080,2
9,Egor,Julyan,80090,2
10,Levy,Baxendale,80100,2
11,Adore,MacIlory,70110,4
12,Bertha,Woolliams,70120,4
13,Fidelity,Adamowitz,70130,4
14,Nariko,Escreet,70140,4
15,Rooney,Bramont,70150,4
16,Britni,Sones,70160,4
17,Tanny,Zavattero,70170,4
18,Maria,Pitkaithly,70180,4
19,Car,Veasey,70190,4
20,Chris,Loudiane,60200,11
21,Emory,Adey,50210,20
22,Connie,Trevna,50220,20
23,Val,Barrie,50230,20
24,Roma,Millson,50240,20
25,Oliver,Cottill,50250,20
26,Daria,Brendel,50260,20
27,Gael,Armatidge,50270,20
28,Kattie,Sympson,60280,12
29,Guendolen,Studde,50290,28
30,Aeriela,Elger,50300,28
31,Maximilien,Pikhno,50310,28
32,Vincenz,Babin,50320,28
33,Jephthah,Egar,50330,28
34,Emmalynn,Livermore,50340,28
35,Allyn,Brissard,50350,28
36,Padget,Duchateau,50360,28
37,Sephira,Cretney,50370,28
38,Tailor,Stockoe,60380,13
39,Lula,Stranahan,50390,38
40,Yard,Gamlin,50400,38
41,Leona,Le Pruvost,50410,38
42,Sigismond,Bernadot,50420,38
43,Kearney,Chate,50430,38
44,Raul,Eversfield,50440,38
45,Godfrey,Eliasson,50450,38
46,Ashlan,Joubert,50460,38
47,Othilie,Onyon,50470,38
48,Morganne,Vasler,60480,14
49,Korie,Hitscher,60490,14
50,Yoshiko,Coulthard,60500,14
51,Jannelle,McEnery,60510,14
52,Hamlen,Rappport,60520,14
53,Fiona,Glowacz,60530,14
54,Win,Richardot,60540,14
55,Loni,Fernanando,50550,49
56,Worthington,Cullivan,50560,49
57,Tadio,Shaddick,50570,49
58,Berenice,De Malchar,50580,50
59,Issiah,Bernier,50590,50
60,Freddy,Itskovitz,50600,50
61,Georgie,Driscoll,50610,50
62,Farlee,Dockray,50620,50
63,Gottfried,Gradwell,50630,50
64,Dorris,Bower,50640,50
65,Perceval,Skeete,50650,50
66,Maridel,Trent,50660,51
67,Catina,Fordyce,50670,51
68,Shelby,Rushbury,50680,51
69,Gearard,Woolsey,50690,51
70,Siffre,Stanaway,50700,51
71,Onfre,Lincke,50710,52
72,Daniella,Absalom,50720,52
73,Kitty,Langeley,50730,52
74,Rebe,Ferrar,50740,53
75,Paige,Eble,50750,54
76,Lucien,Gibbonson,50760,54
77,Alyosha,Domenichelli,50770,54
78,Tammi,O'Nions,50780,54
79,Ladonna,Zanussii,50790,54
80,Rochette,Fodden,50800,54
81,Wildon,Molesworth,50810,54
82,Ginnifer,Warren,50820,54
83,Edita,Jarmain,60830,15
84,Aaren,Kempshall,60840,15
85,Lammond,Pochet,60850,15
86,Mortimer,Thridgould,60860,15
87,Christabella,Hauxby,60870,15
88,Darb,Isacsson,60880,15
89,Trace,Andreuzzi,60890,15
90,Alleen,Hadcock,50900,83
91,Gerardo,Rosser,50910,83
92,Danni,Meneer,50920,83
93,Florida,Dorcey,50930,84
94,Llywellyn,Brabbs,50940,84
95,Eadie,Billingham,50950,84
96,Marrilee,Portugal,50960,84
97,Yvor,Vaughten,50970,84
98,Pauly,Synke,50980,84
99,Mable,Hessel,50990,84
100,Ranique,Vasyukhichev,51000,86
101,Xena,Brightie,51010,86
102,Claybourne,Longcake,51020,86
103,Frederico,Paskin,51030,86
104,Kirby,Elnough,51040,86
105,Trever,Attenbarrow,51050,86
106,Crysta,Btham,51060,86
107,Conan,Nickoles,51070,87
108,Mace,Barrus,51080,87
109,Maury,Coytes,51090,87
110,Maritsa,Shaplin,51100,87
111,Cirstoforo,Keneforde,51110,88
112,Lynda,Folke,51120,88
113,Meredeth,Batte,51130,88
114,Dru,Dennant,51140,88
115,Beatrisa,Vasilmanov,51150,88
116,Sibylla,Ruttgers,51160,88
117,Hetti,Orsi,51170,88
118,Susanne,Amberson,51180,88
119,Tillie,Lourens,51190,89
120,Dorella,Haddinton,51200,89
121,Yurik,Gres,51210,89
122,Derek,Van Arsdalen,51220,89
123,Ynez,Knight,51230,89
124,Meier,Tole,51240,89
125,Aguie,Chavrin,51250,89
126,Georgie,Edmundson,61260,16
127,Phelia,Guilliatt,61270,16
128,Abraham,McIlvenny,61280,16
129,Clarabelle,Tisun,61290,16
130,Romola,Thompson,61300,16
131,Tyler,Dearan,61310,16
132,Silvanus,Stickells,61320,16
133,Noellyn,Clendinning,61330,16
134,Alyson,Rumke,51340,126
135,Ben,Cuttles,51350,126
136,Burch,Edess,51360,126
137,Gaylene,Rehm,51370,126
138,Wiatt,Sarjeant,51380,126
139,Tami,Ilem,51390,126
140,Heywood,Elsley,51400,126
141,Lenora,Slott,51410,127
142,Pace,Wigfield,51420,127
143,Ermentrude,Pluck,51430,127
144,Latisha,Commings,51440,127
145,Reginauld,Zucker,51450,127
146,Aloisia,Skeates,51460,127
147,Riordan,Seppey,51470,127
148,Leonore,Southeran,51480,127
149,Alia,Klossmann,51490,127
150,Grover,Broadwood,51500,128
151,Charmain,Windsor,51510,128
152,Otho,Rash,51520,128
153,Orland,Bullimore,51530,128
154,Robyn,London,51540,128
155,Margarita,Loveredge,51550,128
156,Pandora,Rosell,51560,128
157,Jorie,Steadman,51570,128
158,Hugibert,Lockyer,51580,129
159,Eirena,Langrick,51590,130
160,Clementina,McClune,51600,130
161,Hilly,Achrameev,51610,130
162,Ki,Mohun,51620,130
163,Berty,Andrick,51630,130
164,Herby,Faulkener,51640,130
165,Kikelia,Egdal,51650,130
166,Jenine,Calyton,51660,130
167,Idelle,Tuffield,51670,131
168,Donavon,Igounet,51680,132
169,Celesta,Corpes,51690,132
170,Benni,Sherrell,51700,132
171,Yank,Topham,51710,133
172,Kayne,Nornable,51720,133
173,Starlin,Wooffinden,51730,133
174,Avril,Shortt,51740,133
175,Andy,Laminman,51750,133
176,Rosalind,Tatters,51760,133
177,Leif,Ruddiman,61770,17
178,Rudolfo,Seagood,61780,17
179,Brodie,Kohrt,61790,17
180,Craggie,Thumim,61800,17
181,Webster,Joy,51810,177
182,Wynne,Maides,51820,177
183,Yvonne,Ivakhin,51830,177
184,Alidia,Sample,51840,177
185,Annelise,Marioneau,51850,177
186,Hiram,Mowbray,51860,179
187,Valeda,Tebbut,51870,179
188,Marty,Banane,61880,19
189,Robbert,Greig,61890,19
190,Phillis,Murr,61900,19
191,Elaine,Wyd,61910,19
192,Rudiger,Ramos,51920,188
193,Virgie,MacSherry,51930,188
194,Sigmund,Jerwood,51940,188
195,Smitty,Mainds,51950,189
196,Homer,Giraudel,51960,189
197,Almeria,Bowcher,51970,189
198,Emilie,Appleford,51980,189
199,Suzanna,Scupham,51990,189
200,Aeriela,Everton,52000,189
201,Meier,Rothon,52010,189
202,Mike,Abbitt,52020,190
203,Thayne,Spoure,52030,190
204,Dagmar,Barstock,52040,190
205,Chelsie,Beilby,52050,191
206,Helsa,McCart,52060,191
207,Wilek,Pyott,52070,191
208,Lindsay,Allsworth,52080,191
209,Dode,Weal,72090,5
210,Conny,Alejo,72100,5
211,Genny,Gronav,72110,5
212,Eamon,Geraudy,62120,209
213,Priscilla,Girardey,62130,209
214,Filippo,Lornsen,62140,209
215,Hatti,Blunn,62150,209
216,Ives,Story,52160,212
217,Staford,Persitt,52170,212
218,Orren,Weedall,52180,212
219,Yves,Heams,52190,212
220,Bayard,Darnbrough,52200,212
221,Sanderson,O'Corhane,52210,212
222,Clementia,Gettens,52220,212
223,Chery,Leek,52230,213
224,Wallie,Paddison,52240,214
225,Engracia,Drummond,52250,214
226,Toddie,Gregorin,52260,215
227,Goraud,Stibbs,52270,215
228,Bessy,Haslum,52280,215
229,Nydia,Hedditeh,52290,215
230,Marrilee,Wailes,62300,210
231,Meredithe,Snarr,62310,210
232,Connie,Bromage,62320,210
233,Dyanna,Domelaw,62330,210
234,Gayel,Durbann,52340,230
235,Berte,Philippson,52350,230
236,Allys,O'Shee,52360,230
237,Benita,Kesper,52370,230
238,Horatius,Crecy,52380,230
239,Adina,Rief,52390,230
240,Hazlett,Leather,52400,230
241,Orazio,Buttrum,52410,230
242,Chester,Beamish,52420,231
243,Melina,Prantl,52430,231
244,Janeta,Cockerill,52440,231
245,Fred,Mc Elory,52450,231
246,Von,Bealton,52460,231
247,Nikolos,Asling,52470,231
248,Verene,Silk,52480,233
249,Lionello,Alden,52490,233
250,Hebert,O'Reilly,52500,233
251,Raymond,Boddington,62510,211
252,Mendel,Britee,62520,211
253,Lev,Lowrey,62530,211
254,Ruddie,Cargill,62540,211
255,Dulcinea,Summerson,52550,251
256,Petronille,Castelletto,52560,251
257,Stanleigh,Dahmke,52570,251
258,Lora,Searson,52580,251
259,Stanfield,Eastope,52590,251
260,Deena,Keeffe,52600,251
261,Chas,Pollitt,52610,251
262,Cordelia,Jacklings,52620,252
263,Ramona,Seacroft,52630,252
264,Frazer,Sliman,52640,252
265,Ardenia,Graffin,52650,252
266,Tamqrah,Fawbert,52660,252
267,Dacia,Fulham,52670,252
268,Shermy,Jikylls,52680,252
269,Tuck,Masselin,52690,252
270,Jolie,Lomasney,52700,252
271,Queenie,Rosenblatt,52710,253
272,Carolynn,Yair,52720,254
273,Natalie,Twort,52730,254
274,Pietra,Beldum,52740,254
275,Virgilio,Watkiss,52750,254
276,Charmian,Eastment,52760,254
277,Mia,Elecum,52770,254
278,Juline,Hearnden,52780,254
279,Lizbeth,Ollivier,52790,254
280,Nicole,Spelwood,72800,6
281,Gwenni,Kobu,72810,6
282,Wally,Grogan,72820,6
283,Frederic,Teape,72830,6
284,Boyce,Pietesch,72840,6
285,Sarah,Crickmoor,72850,6
286,Nadeen,Headly,72860,6
287,Freddy,Parlot,72870,6
288,Alyce,Robez,62880,280
289,Harman,Breeder,62890,280
290,Ingeberg,Diack,62900,280
291,Marty,Benjamin,62910,280
292,Kelby,Canfield,62920,280
293,Keefer,Gaize,52930,288
294,Malina,Scarlet,52940,288
295,Simonette,Dell'Abbate,52950,288
296,Windy,Marfell,52960,289
297,Merrily,Seneschal,52970,289
298,Ave,Payley,52980,289
299,Thomasina,Cottell,52990,290
300,Llewellyn,Cartman,53000,290
301,Towny,Risson,53010,291
302,Greggory,Tiner,53020,292
303,Darrelle,Smiths,53030,292
304,Reeva,Mulkerrins,53040,292
305,Birgit,Scopyn,53050,292
306,Archie,Philbrook,53060,292
307,Barry,Saintpierre,53070,292
308,Sandie,Aldersley,53080,292
309,Dante,Gilhooley,63090,281
310,Marietta,Treby,53100,309
311,Selestina,MacKibbon,53110,309
312,Kevyn,Malpas,53120,309
313,Teri,Lowell,53130,309
314,Estevan,Bellefant,63140,282
315,Harrie,Lamplough,63150,282
316,Curt,Mursell,63160,282
317,Judas,Simson,63170,282
318,Catlin,Nickoles,63180,282
319,Arlen,Rotchell,63190,282
320,Arlana,Reame,63200,282
321,Clerkclaude,Manwaring,63210,282
322,Judye,Caldero,63220,282
323,Sheffield,Kosel,53230,314
324,Thayne,Schaumaker,53240,314
325,Grethel,Baddeley,53250,314
326,Toni,Lerway,53260,314
327,Nataline,Robic,53270,314
328,Olva,Sorrel,53280,314
329,Oran,Camber,53290,314
330,Madelyn,Cheatle,53300,316
331,Terrie,Belsey,53310,317
332,Brigitte,Udell,53320,317
333,Nessy,Wloch,53330,317
334,Mamie,Garrood,53340,317
335,Jone,Bebb,53350,317
336,Hieronymus,Rizzini,53360,318
337,Kylila,Losbie,53370,318
338,Doy,Clendinning,53380,318
339,Cathy,Chitson,53390,318
340,Freida,Barkway,53400,318
341,Saundra,Border,53410,318
342,Carilyn,Acomb,53420,318
343,Lucius,Drysdell,53430,319
344,Carine,Lundbeck,53440,319
345,Jillayne,Cucinotta,53450,319
346,Freida,Dickson,53460,319
347,Orsola,Kleinstub,53470,319
348,Celestina,Geroldini,53480,319
349,Elaine,Woolmer,53490,320
350,Yancy,Snaden,53500,320
351,Jacinthe,Brilleman,53510,320
352,Paige,McGaugey,53520,320
353,Angel,Sabie,53530,320
354,Washington,Laurenty,53540,320
355,Sadella,Papa,53550,320
356,Niko,O'Canavan,53560,320
357,Polly,Alexis,53570,321
358,Demott,Calver,53580,321
359,Silvano,Fasson,53590,321
360,Happy,Vaz,53600,321
361,Kinnie,Stoppard,53610,321
362,Gaylor,Westwick,53620,321
363,Brendon,Massimi,53630,321
364,Jorge,Doughartie,53640,322
365,Berne,Rousel,63650,283
366,Wittie,Valler,63660,283
367,Lynnell,Pentony,63670,283
368,Alano,Shirrell,63680,283
369,Pen,Iveagh,63690,283
370,Anica,Storror,63700,283
371,Gussy,Nuscha,63710,283
372,Marlyn,Kiley,53720,365
373,Halley,Rannie,53730,365
374,Jobie,MacHarg,53740,365
375,Sophey,Cobb,53750,365
376,Adella,Frackiewicz,53760,365
377,Ric,Ruselin,53770,365
378,Adriana,Barbour,53780,366
379,Verla,Grindle,53790,366
380,Raquel,Wilfling,53800,366
381,Latia,Magnus,53810,366
382,Myrah,Yurlov,53820,366
383,Aurel,Alanbrooke,53830,366
384,Herman,Lacase,53840,366
385,Willi,Greeding,53850,366
386,Benson,Nasi,53860,368
387,Ricoriki,Skitteral,53870,368
388,Adolph,Connichie,53880,368
389,Huntley,Hampson,53890,369
390,Carmina,Houseley,53900,369
391,Cristy,Hartropp,53910,369
392,Quinn,Justice,53920,369
393,Mead,Baggiani,53930,369
394,Sim,Cripin,53940,369
395,Rosmunda,Gage,53950,369
396,Anette,Stede,53960,370
397,Thaine,De Hooge,53970,370
398,Rivalee,Clears,53980,370
399,Hiram,Cannon,53990,370
400,Teddy,Bernadzki,54000,370
401,Kippar,Heningam,54010,370
402,Shoshana,Waine,54020,370
403,Addy,Bernon,54030,370
404,Rossy,Strain,54040,370
405,Stillman,Gunter,54050,371
406,Christophorus,Pieroni,54060,371
407,Bernadene,Brunsden,54070,371
408,Peder,Chaddock,54080,371
409,Pietra,Barton,54090,371
410,Claudell,Antonik,54100,371
411,Vivian,Franchyonok,54110,371
412,Robina,Raittie,54120,371
413,Berny,Callender,64130,284
414,Brittni,Jeffcock,64140,284
415,Henka,Rotte,64150,284
416,Jared,Rikel,64160,284
417,Edwin,Roxbee,64170,284
418,Leela,Byass,64180,284
419,Meredith,Silveston,64190,284
420,Christiana,Stonehouse,54200,413
421,Caralie,Wiltshear,54210,413
422,Ruthie,Foyster,54220,413
423,Rivy,Cortez,54230,413
424,Kial,Molineaux,54240,413
425,Jeffy,Howland,54250,413
426,Bryn,Ritchman,54260,413
427,Colin,Ledington,54270,414
428,Hunt,Ratchford,54280,414
429,Franzen,Sent,54290,415
430,Merrill,Tansill,54300,415
431,Nelly,Blampey,54310,415
432,Bessy,D'orsay,54320,415
433,Lilllie,Phare,54330,415
434,Scot,Scougal,54340,415
435,Lily,Cannan,54350,416
436,Toiboid,Kenan,54360,416
437,Bing,Fulun,54370,416
438,Madelena,Rohan,54380,416
439,Merrilee,Stilling,54390,416
440,Keefer,Astill,54400,417
441,Ricardo,Sevior,54410,417
442,Milly,Kimbell,54420,417
443,Gabi,Mulvany,54430,417
444,Mohandas,Digg,54440,417
445,Kirsteni,Le Grys,54450,418
446,Kristina,Piccop,54460,418
447,Olympia,Kalvin,54470,418
448,Koenraad,Edler,54480,418
449,Hilton,Gunner,54490,418
450,Ariel,Roussel,54500,418
451,Marylin,Bridat,54510,418
452,Fredia,Comi,54520,418
453,Celestyna,Demageard,54530,418
454,Sammie,Lurriman,54540,419
455,Nani,Djurisic,54550,419
456,Coraline,Bundey,54560,419
457,Willi,Bletsor,54570,419
458,Laureen,Matuska,54580,419
459,Saul,Breedy,54590,419
460,Kipp,Yurkov,54600,419
461,Karil,Wickens,54610,419
462,Bree,Lownes,64620,285
463,Worthington,MacMichael,64630,285
464,Cora,Midson,54640,462
465,Georgeanna,Oxenden,54650,462
466,Tasha,La Wille,54660,462
467,Eliot,Crasswell,54670,462
468,Bird,Mabone,54680,462
469,Maribelle,Killby,54690,462
470,Clayton,Hugh,54700,462
471,Edvard,Greenrodd,54710,462
472,Alvinia,Hebson,54720,462
473,Diann,Menis,54730,463
474,Augusta,Verralls,64740,286
475,Kevina,Reuter,64750,286
476,Trish,Klais,64760,286
477,Cecil,Lukovic,64770,286
478,Ivar,Schwant,64780,286
479,Bailey,Stormont,64790,286
480,Irma,Aldwich,54800,474
481,Bianca,Waghorn,54810,474
482,Kelci,Goomes,54820,474
483,Quentin,Jodkowski,54830,474
484,Jamey,Tolle,54840,474
485,Katha,Talks,54850,474
486,Lorraine,Heymann,54860,475
487,Kissee,Wordington,54870,475
488,Norina,Royall,54880,476
489,Binny,Sowray,54890,476
490,Goldy,Brabant,54900,476
491,Broderick,Bowller,54910,476
492,Janette,O'Scannill,54920,476
493,Chrissy,Pellew,54930,476
494,Ban,Boase,54940,476
495,Kim,Bucher,54950,477
496,Sutherlan,Lidyard,54960,478
497,Francklin,Carlaw,54970,478
498,Orion,Batalle,54980,479
499,Gerhardt,Rosengart,54990,479
500,Meaghan,Emmott,55000,479
501,Cullen,Felkin,55010,479
502,Cole,Birney,55020,479
503,Sibylla,Yoseloff,55030,479
504,Kaylil,Pynner,75040,7
505,Menard,Dumbare,75050,7
506,Poul,Hindshaw,75060,7
507,Westleigh,Sutcliff,75070,7
508,Lotty,Rabier,65080,504
509,Ellette,Bourley,65090,504
510,Gelya,Brunke,55100,508
511,Gustavo,Kubala,55110,508
512,Romy,Mulhill,55120,508
513,Mick,Skirrow,55130,509
514,Brynn,Assaf,55140,509
515,Alfonso,Dyster,55150,509
516,Merle,Sinnott,55160,509
517,Birgit,Kreber,55170,509
518,Kimmy,Allgood,55180,509
519,Cozmo,Brabant,65190,505
520,Zechariah,Rist,65200,505
521,Jenica,Tiddeman,55210,519
522,Letty,Mitham,55220,519
523,Kelly,Dilks,55230,519
524,Damon,Ewert,55240,519
525,Victor,Purple,55250,520
526,Sebastiano,Theakston,55260,520
527,Trefor,Corradeschi,55270,520
528,Alla,Halewood,55280,520
529,Leontyne,Shearsby,55290,520
530,Jess,Shier,65300,506
531,Pete,Meanwell,65310,506
532,Rosy,Lillgard,65320,506
533,Katleen,Beadon,55330,530
534,Lela,Waghorn,55340,530
535,Yasmeen,Guttridge,55350,530
536,Onfre,Baldocci,55360,530
537,Tierney,Allner,55370,532
538,Agna,Luttger,55380,532
539,Willey,Minghi,55390,532
540,Duffie,MacGeaney,55400,532
541,Humfrid,Rushbury,65410,507
542,Kacie,Kavanagh,65420,507
543,Crystal,Linzee,65430,507
544,Abbot,Seage,55440,542
545,Antons,Groomebridge,55450,542
546,Nedi,Stretton,55460,542
547,Morgen,Deeble,55470,542
548,Bronnie,Ammer,55480,542
549,Reube,Eliyahu,55490,542
550,Katrina,Touzey,55500,542
551,Bria,Jachimak,55510,542
552,Simona,Matovic,55520,542
553,Rosalie,Caulkett,55530,543
554,Tillie,Willavoys,55540,543
555,Rene,Hutchison,55550,543
556,Antonietta,McLise,75560,8
557,Evangelin,Beidebeke,75570,8
558,Trevar,Bladon,75580,8
559,Sky,Cheater,75590,8
560,Merilee,Gaize,75600,8
561,Pietrek,Culpan,75610,8
562,Dulsea,Evanson,65620,557
563,Raynard,Bradock,65630,557
564,Othilie,Oakland,65640,557
565,Kilian,Gaitung,65650,557
566,Addy,Kittle,65660,557
567,Augie,Earlam,55670,562
568,Aluin,Mc Cahey,55680,563
569,Cristiano,Lemery,55690,563
570,Edee,Delgado,55700,564
571,Aksel,Louisot,55710,564
572,Kelwin,McMackin,55720,564
573,Kathryne,Hulkes,55730,564
574,Roze,Catton,55740,564
575,Frederica,Heminsley,55750,564
576,Krista,Wolland,55760,565
577,Isadore,Bittlestone,55770,566
578,Drusilla,Pendrich,55780,566
579,Archibald,Blayd,55790,566
580,Adlai,Guynemer,55800,566
581,Stearn,Ganter,55810,566
582,Sarita,Leveret,55820,566
583,Reinaldos,Pask,55830,566
584,Jannel,Upshall,55840,566
585,Adrienne,Nichols,65850,558
586,Albertina,Rutley,65860,558
587,Brendis,Lowings,65870,558
588,Nero,Tebbs,65880,558
589,Roda,Feake,65890,558
590,Carmel,Atlay,65900,558
591,Kerry,Lundbech,55910,585
592,Griffin,Reubens,55920,585
593,Constantine,Tokell,55930,585
594,Morgan,Bounde,55940,585
595,Lock,Gill,55950,585
596,Lishe,Borell,55960,586
597,Cash,Forestall,55970,587
598,Verna,Clemensen,55980,587
599,Nels,Broker,55990,588
600,Darrel,Linskill,56000,588
601,Alyse,Fincke,56010,588
602,Suzann,Blazewicz,56020,588
603,Carlene,Tyres,56030,588
604,Araldo,Rubenov,56040,588
605,Brit,Aleavy,56050,588
606,Finn,Levicount,56060,588
607,Marcello,Cale,56070,588
608,Barnabe,Sanpher,56080,590
609,Fianna,Mechic,56090,590
610,Melly,Craze,56100,590
611,Merv,Greatrex,56110,590
612,Luce,Cheel,56120,590
613,Tobi,Danilevich,66130,559
614,Monroe,Waddingham,66140,559
615,Hersh,McCloy,66150,559
616,Zsa zsa,Jenner,66160,559
617,Rosemary,Thunders,66170,559
618,Reade,Musprat,66180,559
619,Easter,Camamill,56190,613
620,Rabi,Cassie,56200,613
621,Dyanna,Conkie,56210,613
622,Burg,Sobtka,56220,613
623,Fin,Culpan,56230,613
624,Bradan,Mears,56240,613
625,Bendite,Conman,56250,613
626,Rosmunda,Balchin,56260,613
627,Jobyna,Fulep,56270,614
628,Maryanna,Splaven,56280,614
629,Rollie,Bransom,56290,614
630,Hillel,Tresler,56300,614
631,Korney,Abberley,56310,616
632,Myca,Fleckney,56320,616
633,Kirbie,McCuffie,56330,616
634,Demetrius,Suart,56340,616
635,Sauncho,Mattityahou,56350,616
636,Jaymee,Fearnill,56360,616
637,Adah,Arghent,56370,617
638,Noland,Duiged,56380,617
639,Stanislaw,O'Dwyer,56390,617
640,Lezley,Ostick,56400,617
641,Marnie,Simnor,56410,617
642,Trudy,Bradly,56420,617
643,Flore,Van der Daal,56430,617
644,Rhianna,Lampitt,56440,617
645,Katharine,Orkney,56450,617
646,Poul,Dellenbrok,56460,618
647,Winfield,Djorvic,56470,618
648,Codee,Blanko,56480,618
649,Jo-ann,Viall,56490,618
650,Edwina,Ripley,56500,618
651,Jerald,Batey,56510,618
652,Genovera,Greenhough,66520,560
653,Delinda,MacKereth,66530,560
654,Ches,Balfour,66540,560
655,Rabbi,Lobley,66550,560
656,Nesta,Young,66560,560
657,Teodor,Van Arsdale,66570,560
658,Mari,Puddefoot,56580,652
659,Eimile,Rissom,56590,652
660,Izzy,Solon,56600,652
661,Alano,Gavaran,56610,652
662,Mozelle,Warman,56620,652
663,Latrena,Edis,56630,652
664,Beverie,Endon,56640,653
665,Harlie,Flewin,56650,653
666,Shellysheldon,McGourty,56660,653
667,Chiquia,Zimmer,56670,653
668,Anitra,Droghan,56680,653
669,Xaviera,Smallridge,56690,653
670,Rhodia,Oxley,56700,653
671,Jerrold,Iacomettii,56710,653
672,Teirtza,Le Houx,56720,654
673,Glyn,Plunket,56730,656
674,Law,Chieco,56740,657
675,Raphael,Petrakov,56750,657
676,Roderick,Stiggles,56760,657
677,Reena,Hamnett,56770,657
678,Belinda,Blinco,56780,657
679,Marven,Roff,56790,657
680,Mollie,Niave,56800,657
681,Mitzi,Roberti,56810,657
682,Klemens,Martinez,66820,561
683,Athene,Pudan,66830,561
684,Mimi,Bauer,66840,561
685,Nicolas,Rides,66850,561
686,Ardyth,Scarlet,66860,561
687,Gabriella,Jendas,66870,561
688,Yasmeen,Reihm,66880,561
689,Dot,Santacrole,66890,561
690,Mateo,Jewes,56900,682
691,Cam,Hoble,56910,682
692,Wilmer,Frary,56920,682
693,Hali,Artinstall,56930,683
694,Lynn,Buyers,56940,683
695,Godart,Cannavan,56950,683
696,Astra,Barz,56960,684
697,Art,Yve,56970,684
698,Mattie,Newgrosh,56980,684
699,Audi,MacKettrick,56990,684
700,Allianora,Whittenbury,57000,684
701,Izaak,Krale,57010,684
702,Jenilee,Youde,57020,684
703,Norbert,Dreelan,57030,684
704,Justina,Greaser,57040,685
705,Yovonnda,Van Schafflaer,57050,685
706,Martynne,Puden,57060,685
707,Gearard,Lukesch,57070,685
708,Morgana,Emson,57080,685
709,Crosby,Hobbema,57090,685
710,Nathalie,Kittless,57100,685
711,Virgie,Mauro,57110,686
712,Chelsea,Barense,57120,686
713,Constantino,Kemston,57130,686
714,Franny,Bratcher,57140,686
715,Myer,Drewery,57150,686
716,Eberhard,Twopenny,57160,686
717,Pansie,Gallone,57170,686
718,Bentlee,Lorkins,57180,686
719,Silvana,Shovel,57190,686
720,Karin,O'Connolly,57200,687
721,Velvet,Rubberts,57210,687
722,Cyndia,Woodworth,57220,688
723,Kristos,Zellner,57230,688
724,Shay,Lecky,57240,688
725,Sebastian,Mucklestone,57250,688
726,Roshelle,Caizley,57260,688
727,Nealy,Giacopini,57270,688
728,Lorelei,Simnell,57280,689
729,Lucine,Gobeaux,57290,689
730,Janeta,Filpi,57300,689
731,Richy,Buttwell,57310,689
732,Genny,Burnet,57320,689
733,Merci,Ball,57330,689
734,Celeste,Berni,57340,689
735,Bertina,Peddar,57350,689
736,Anastassia,Philpots,77360,9
737,Oralee,Heliet,67370,736
738,Ardelle,Howkins,67380,736
739,Rollo,Lidyard,57390,737
740,Katalin,Gian,57400,737
741,Kimbell,Duval,57410,737
742,Emelita,Froud,57420,737
743,Nert,Hubbucke,57430,737
744,Natal,Cloute,57440,737
745,Thomasa,Martinon,57450,737
746,Renie,Birkenhead,57460,737
747,Dougie,Moorman,57470,738
748,Cull,Plesing,57480,738
749,Pattie,McLinden,57490,738
750,Katheryn,Lowerson,57500,738
751,Ricki,Cargill,57510,738
752,Sissie,Shillabeer,57520,738
753,Obadias,Thaim,57530,738
754,Jonas,Corrado,57540,738
755,Halley,Scahill,57550,738
756,Annemarie,Shucksmith,77560,10
757,Ilyssa,Chell,77570,10
758,Preston,Morecomb,77580,10
759,Cilka,Webben,77590,10
760,Aldo,Extall,77600,10
761,Adriena,Leddy,77610,10
762,Benjy,MacRanald,67620,756
763,Paxton,Inns,67630,756
764,Marcel,Sowerbutts,57640,762
765,Simeon,Honeywood,57650,762
766,Willem,Pantin,57660,762
767,Moe,Hardway,57670,762
768,Gwyn,Stanes,57680,762
769,Ivory,Denyer,57690,762
770,Henderson,Signe,57700,762
771,Adriano,Dyter,57710,762
772,Moyna,Hamilton,57720,763
773,Doris,Hallum,57730,763
774,Rancell,McGown,57740,763
775,Hetty,Fahy,57750,763
776,Pennie,Etches,67760,757
777,Galvan,Eldridge,67770,757
778,Nissa,Iacovelli,67780,757
779,Kristina,Escoffrey,57790,776
780,Sue,Roswarne,57800,776
781,Nancee,Witherington,57810,776
782,Ozzie,Tinman,57820,776
783,Lonee,Karpenya,57830,776
784,Pris,Ballinghall,57840,776
785,Sissy,Barfitt,57850,776
786,Gwenore,Dogg,57860,776
787,Hamilton,Rochford,57870,776
788,Garfield,Agron,57880,777
789,Alie,Vasilchikov,57890,777
790,Zulema,Idle,57900,777
791,Samson,Latek,57910,777
792,Bryce,Kiely,57920,777
793,Tish,Matzel,57930,777
794,Gene,Shitliffe,57940,778
795,Glynda,Batram,57950,778
796,Saunderson,Bursell,57960,778
797,Clare,Gremane,57970,778
798,Joellyn,Comiskey,67980,758
799,Nerty,Brandts,57990,798
800,Neale,Kopman,58000,798
801,Kimmy,Bockett,58010,798
802,Marita,Joron,58020,798
803,Lora,Palphreyman,58030,798
804,Gunilla,Baudichon,58040,798
805,Lonni,Richarz,68050,759
806,Web,Newcombe,58060,805
807,Laurice,Taberner,58070,805
808,Marsha,MacMaykin,58080,805
809,Ferdie,Mucillo,58090,805
810,Paula,O'Cannavan,58100,805
811,Cahra,Heinzel,58110,805
812,Jasmina,Maciunas,68120,760
813,Jori,Semechik,68130,760
814,Cordi,Sillis,68140,760
815,Robbie,Poag,68150,760
816,Rakel,O'Scanlon,68160,760
817,Michele,Grelik,68170,760
818,Fawne,Whaites,68180,760
819,Sydelle,Lethley,68190,760
820,Filip,Maulden,58200,812
821,Iseabal,Pawfoot,58210,812
822,Remington,Ringer,58220,813
823,Olia,Iverson,58230,813
824,Patton,Traher,58240,813
825,Warner,Sinnie,58250,813
826,Caryl,Dreakin,58260,813
827,Aila,Winfred,58270,813
828,York,Vedenisov,58280,815
829,Jack,Allsep,58290,815
830,Reilly,Dearle,58300,815
831,Natka,Brumby,58310,815
832,Cosetta,Mochar,58320,815
833,Finley,Mackett,58330,815
834,Hinda,Grumley,58340,815
835,Alvy,Tilt,58350,816
836,Bronnie,Bagshaw,58360,816
837,Batholomew,Ruppelin,58370,816
838,Ericha,Folling,58380,816
839,Luigi,Arundel,58390,816
840,Pier,Priddy,58400,816
841,Lois,Sabathe,58410,816
842,Garrick,Klewer,58420,816
843,Meade,Minet,58430,817
844,Sol,McKune,58440,817
845,Marc,Goodfellow,58450,817
846,Rosco,Borzone,58460,817
847,Krystalle,Kummerlowe,58470,817
848,Laurens,Ciccerale,58480,818
849,Lodovico,Tingle,58490,818
850,Vince,Mundall,58500,818
851,Benn,Sear,58510,818
852,Tiertza,Hearons,58520,818
853,Rennie,Holdin,58530,819
854,Hayden,Jenoure,58540,819
855,Addi,Kirstein,58550,819
856,Kay,Surgey,58560,819
857,Jobye,Becarra,58570,819
858,Joachim,Campany,68580,761
859,Aldus,Nelle,68590,761
860,Lee,Crotty,68600,761
861,Diego,Stanwix,68610,761
862,Terry,Horribine,58620,858
863,Lenora,Cronshaw,58630,858
864,Bartie,Vennart,58640,858
1, James, Hollick,250000
